
[
    {"country":"DE","name":"Lichtenrade","_id":2878044,"coord":{"lon":13.40637,"lat":52.398441}},
    {"country":"RU","name":"Zavety Il’icha","_id":464176,"coord":{"lon":37.849998,"lat":56.049999}},
    {"country":"IL","name":"‘Azriqam","_id":295582,"coord":{"lon":34.700001,"lat":31.75}},
    {"country":"IN","name":"Ghūra","_id":1271231,"coord":{"lon":79.883331,"lat":24.766666}},
    {"country":"UA","name":"Tyuzler","_id":690856,"coord":{"lon":34.083332,"lat":44.466667}},
    {"country":"RU","name":"Zaponor’ye","_id":464737,"coord":{"lon":38.861942,"lat":55.639999}},
    {"country":"ID","name":"Sanggrahan","_id":6199126,"coord":{"lon":110.246109,"lat":-7.46056}},
    {"country":"ID","name":"Karangmangle","_id":6388445,"coord":{"lon":109.0075,"lat":-7.43028}},
    {"country":"RU","name":"Sheremetyevskiy","_id":494806,"coord":{"lon":37.491112,"lat":55.98}},
    {"country":"RU","name":"Yershovo","_id":467104,"coord":{"lon":36.858055,"lat":55.771111}},
    {"country":"RU","name":"Znamenka","_id":462352,"coord":{"lon":35.981392,"lat":52.896671}},
    {"country":"PT","name":"Lisbon","_id":2267057,"coord":{"lon":-9.13333,"lat":38.716671}},
    {"country":"PL","name":"Walbrzych","_id":3082707,"coord":{"lon":16.284321,"lat":50.771412}},
    {"country":"PL","name":"Naklo nad Notecia","_id":3091150,"coord":{"lon":17.60181,"lat":53.142139}},
    {"country":"CN","name":"Zhengzhou","_id":1784658,"coord":{"lon":113.648613,"lat":34.757778}},
    {"country":"GB","name":"Tonyrefail","_id":7301040,"coord":{"lon":-3.41503,"lat":51.580238}},
    {"country":"IN","name":"Bankra","_id":1348747,"coord":{"lon":88.298058,"lat":22.627501}},
    {"country":"RU","name":"Moskovskaya Oblast’","_id":524925,"coord":{"lon":37.628334,"lat":55.75639}},
    {"country":"US","name":"Provo","_id":4047656,"coord":{"lon":-94.107697,"lat":34.037609}},
    {"country":"US","name":"Tejon","_id":5493998,"coord":{"lon":-105.28611,"lat":34.58979}},
    {"country":"UZ","name":"Guliston","_id":1463749,"coord":{"lon":65.518929,"lat":38.510029}},
    {"country":"TR","name":"Ciciler","_id":749184,"coord":{"lon":30.063601,"lat":40.442982}},
    {"country":"TR","name":"Bilmece","_id":750594,"coord":{"lon":36.150002,"lat":41.150002}},
    {"country":"ES","name":"Provincia de Pontevedra","_id":3113208,"coord":{"lon":-8.5,"lat":42.5}},
    {"country":"GB","name":"Carmarthenshire","_id":2653753,"coord":{"lon":-4.16667,"lat":51.833328}},
    {"country":"FI","name":"Helsinki","_id":658226,"coord":{"lon":24.93417,"lat":60.17556}},
    {"country":"NL","name":"Gemeente Wervershoof","_id":2744819,"coord":{"lon":5.13333,"lat":52.716671}},
    {"country":"FR","name":"Forville","_id":3017680,"coord":{"lon":6.6239,"lat":44.913849}}
]
